review_text,rating
"Superior quality, couldn't be happier with this purchase.",4
Average product. Could be better.,3
This is exactly what I needed. Five stars!,5
Terrible purchase. Regret buying this.,1
Fair quality. Gets the job done.,3
Best product in its category. Highly recommended!,4
Perfect condition and fast delivery. Love it!,4
This product is amazing! Exceeded all my expectations.,4
Not what I expected. Very disappointed.,2
Neutral opinion. Could go either way.,3
Poor design and cheap materials.,2
Perfect condition and fast delivery. Love it!,5
Terrible purchase. Regret buying this.,1
"Works as expected. Nothing more, nothing less.",3
Not what I expected. Very disappointed.,1
Not worth it. Very cheap quality.,2
"Works as expected. Nothing more, nothing less.",3
Perfect! Exactly what I was looking for.,4
Poor quality. Would not recommend.,1
Poor quality. Would not recommend.,1
Disappointed with the quality. Returning it.,2
Perfect! Exactly what I was looking for.,4
Standard product. No surprises.,3
It works fine. Nothing to complain about.,3
Poor quality. Would not recommend.,2
Waste of money. Don't buy this.,1
Perfect condition and fast delivery. Love it!,5
"Excellent product, great value for money.",5
Perfect! Exactly what I was looking for.,4
Best product in its category. Highly recommended!,5
Perfect! Exactly what I was looking for.,5
"Superior quality, couldn't be happier with this purchase.",4
Broke immediately. Don't waste your time.,1
Fantastic! Works perfectly and arrived quickly.,5
Neutral opinion. Could go either way.,3
Acceptable product. Meets basic expectations.,3
Incredible quality for the price. Very satisfied.,5
"Superior quality, couldn't be happier with this purchase.",4
Disappointed with the quality. Returning it.,1
Adequate for basic needs.,3
Very disappointed. Not as described.,2
It's okay for the price point.,3
Broke immediately. Don't waste your time.,1
"Superior quality, couldn't be happier with this purchase.",5
Disappointed with the quality. Returning it.,2
Terrible! Stopped working after a week.,1
"Superior quality, couldn't be happier with this purchase.",4
Poor design and cheap materials.,1
Incredible quality for the price. Very satisfied.,4
Average quality. Nothing exceptional.,3
This is exactly what I needed. Five stars!,4
Absolutely love it! Best purchase I've made this year.,4
Not what I expected. Very disappointed.,1
Best product in its category. Highly recommended!,5
Terrible product. Broke after one use.,1
I'm very impressed with the quality. Will buy again!,4
Incredible quality for the price. Very satisfied.,4
Horrible experience. Product arrived damaged.,2
Awful quality. Complete waste of money.,2
"Superior quality, couldn't be happier with this purchase.",5
Outstanding quality and fast shipping. Highly recommend!,5
It works fine. Nothing to complain about.,3
Perfect condition and fast delivery. Love it!,4
Mediocre product. Expected more.,3
Decent quality for the price.,3
Decent quality for the price.,3
Bad product. Save your money.,2
Outstanding quality and fast shipping. Highly recommend!,4
Poor quality. Would not recommend.,2
Not what I expected. Very disappointed.,1
This is exactly what I needed. Five stars!,5
Decent quality for the price.,3
Perfect condition and fast delivery. Love it!,4
Wonderful product! My family loves it too.,5
Terrible purchase. Regret buying this.,1
Acceptable product. Meets basic expectations.,3
Poor quality. Would not recommend.,2
Broke immediately. Don't waste your time.,2
Average product. Could be better.,3
This product is amazing! Exceeded all my expectations.,4
Average quality. Nothing exceptional.,3
It's fine. Does what it's supposed to do.,3
It's okay. Nothing special but does the job.,3
Horrible experience. Product arrived damaged.,1
"It's alright. Not great, not terrible.",3
I'm very impressed with the quality. Will buy again!,5
"Superior quality, couldn't be happier with this purchase.",4
Amazing quality and great customer service.,4
Amazing quality and great customer service.,5
Amazing quality and great customer service.,5
Does not work as advertised. Very upset.,2
It works fine. Nothing to complain about.,3
Mediocre product. Expected more.,3
Average product. Could be better.,3
Superb! Exceeded all expectations.,4
Disappointed with the quality. Returning it.,1
Outstanding quality and fast shipping. Highly recommend!,4
It's okay. Nothing special but does the job.,3
It's fine. Does what it's supposed to do.,3
Broke immediately. Don't waste your time.,2
It works fine. Nothing to complain about.,3
Neutral opinion. Could go either way.,3
It works fine. Nothing to complain about.,3
Decent quality for the price.,3
"Works as expected. Nothing more, nothing less.",3
Terrible purchase. Regret buying this.,2
It's okay. Nothing special but does the job.,3
Horrible experience. Product arrived damaged.,1
Not worth it. Very cheap quality.,2
It's okay for the price point.,3
It's okay. Nothing special but does the job.,3
Fair quality. Gets the job done.,3
Broke immediately. Don't waste your time.,2
I'm very impressed with the quality. Will buy again!,5
Adequate for basic needs.,3
Not worth it. Very cheap quality.,2
Outstanding quality and fast shipping. Highly recommend!,5
Horrible experience. Product arrived damaged.,1
Best product in its category. Highly recommended!,5
"Superior quality, couldn't be happier with this purchase.",5
Fantastic! Works perfectly and arrived quickly.,5
Not what I expected. Very disappointed.,2
"Works as expected. Nothing more, nothing less.",3
Perfect condition and fast delivery. Love it!,4
"It's alright. Not great, not terrible.",3
This product is amazing! Exceeded all my expectations.,5
Broke immediately. Don't waste your time.,1
Waste of money. Don't buy this.,1
Awful quality. Complete waste of money.,2
Horrible experience. Product arrived damaged.,2
Disappointed with the quality. Returning it.,1
Fantastic! Works perfectly and arrived quickly.,5
Terrible! Stopped working after a week.,1
Broke immediately. Don't waste your time.,1
Fair quality. Gets the job done.,3
Not worth it. Very cheap quality.,1
Neutral opinion. Could go either way.,3
It's fine. Does what it's supposed to do.,3
Incredible quality for the price. Very satisfied.,4
Perfect! Exactly what I was looking for.,4
Standard product. No surprises.,3
"Superior quality, couldn't be happier with this purchase.",4
Bad product. Save your money.,1
Awful quality. Complete waste of money.,1
Superb! Exceeded all expectations.,4
Terrible! Stopped working after a week.,1
Decent quality for the price.,3
Waste of money. Don't buy this.,2
This is exactly what I needed. Five stars!,4
Disappointed with the quality. Returning it.,1
This is exactly what I needed. Five stars!,5
It's fine. Does what it's supposed to do.,3
Terrible product. Broke after one use.,1
Superb! Exceeded all expectations.,4
Perfect! Exactly what I was looking for.,5
Fantastic! Works perfectly and arrived quickly.,4
"Works as expected. Nothing more, nothing less.",3
Disappointed with the quality. Returning it.,1
Perfect! Exactly what I was looking for.,4
Neutral opinion. Could go either way.,3
Perfect condition and fast delivery. Love it!,5
Disappointed with the quality. Returning it.,1
I'm very impressed with the quality. Will buy again!,5
This is exactly what I needed. Five stars!,5
It's okay. Nothing special but does the job.,3
Best product in its category. Highly recommended!,5
This product is amazing! Exceeded all my expectations.,5
Average product. Could be better.,3
It works fine. Nothing to complain about.,3
Broke immediately. Don't waste your time.,1
Best product in its category. Highly recommended!,4
Fair quality. Gets the job done.,3
Superb! Exceeded all expectations.,5
Incredible quality for the price. Very satisfied.,4
This is exactly what I needed. Five stars!,5
Perfect! Exactly what I was looking for.,5
Standard product. No surprises.,3
It's okay. Nothing special but does the job.,3
Neutral opinion. Could go either way.,3
Perfect! Exactly what I was looking for.,4
Terrible! Stopped working after a week.,2
"Works as expected. Nothing more, nothing less.",3
Not what I expected. Very disappointed.,1
Not worth it. Very cheap quality.,1
Terrible purchase. Regret buying this.,2
Not what I expected. Very disappointed.,1
Best product in its category. Highly recommended!,5
Absolutely love it! Best purchase I've made this year.,5
It works fine. Nothing to complain about.,3
Poor quality. Would not recommend.,2
Terrible product. Broke after one use.,2
I'm very impressed with the quality. Will buy again!,5
Acceptable product. Meets basic expectations.,3
Absolutely love it! Best purchase I've made this year.,5
Best product in its category. Highly recommended!,4
Mediocre product. Expected more.,3
Terrible product. Broke after one use.,1
Does not work as advertised. Very upset.,1
Superb! Exceeded all expectations.,4
It's okay for the price point.,3
Does not work as advertised. Very upset.,1
Average quality. Nothing exceptional.,3
Not worth it. Very cheap quality.,2
Does not work as advertised. Very upset.,1
Poor quality. Would not recommend.,1
Amazing quality and great customer service.,5
Very disappointed. Not as described.,1
Perfect! Exactly what I was looking for.,5
It's fine. Does what it's supposed to do.,3
It's okay for the price point.,3
Amazing quality and great customer service.,5
Terrible product. Broke after one use.,2
Terrible purchase. Regret buying this.,2
Very disappointed. Not as described.,1
It works fine. Nothing to complain about.,3
Amazing quality and great customer service.,4
"Works as expected. Nothing more, nothing less.",3
Neutral opinion. Could go either way.,3
"Works as expected. Nothing more, nothing less.",3
Waste of money. Don't buy this.,2
Absolutely love it! Best purchase I've made this year.,5
Absolutely love it! Best purchase I've made this year.,4
I'm very impressed with the quality. Will buy again!,4
Bad product. Save your money.,2
"Excellent product, great value for money.",5
Awful quality. Complete waste of money.,2
"Works as expected. Nothing more, nothing less.",3
Average quality. Nothing exceptional.,3
Acceptable product. Meets basic expectations.,3
Not worth it. Very cheap quality.,1
Awful quality. Complete waste of money.,1
Decent quality for the price.,3
Horrible experience. Product arrived damaged.,1
Terrible purchase. Regret buying this.,1
"Superior quality, couldn't be happier with this purchase.",5
"It's alright. Not great, not terrible.",3
"Superior quality, couldn't be happier with this purchase.",5
Adequate for basic needs.,3
This is exactly what I needed. Five stars!,5
Broke immediately. Don't waste your time.,1
Perfect! Exactly what I was looking for.,4
Wonderful product! My family loves it too.,5
Mediocre product. Expected more.,3
Fair quality. Gets the job done.,3
Outstanding quality and fast shipping. Highly recommend!,4
Perfect! Exactly what I was looking for.,4
I'm very impressed with the quality. Will buy again!,4
Disappointed with the quality. Returning it.,1
Horrible experience. Product arrived damaged.,2
Wonderful product! My family loves it too.,4
It's okay. Nothing special but does the job.,3
It's okay for the price point.,3
I'm very impressed with the quality. Will buy again!,5
Horrible experience. Product arrived damaged.,2
Bad product. Save your money.,1
Fantastic! Works perfectly and arrived quickly.,5
Absolutely love it! Best purchase I've made this year.,5
Poor quality. Would not recommend.,1
Not worth it. Very cheap quality.,2
Very disappointed. Not as described.,2
Poor quality. Would not recommend.,2
Absolutely love it! Best purchase I've made this year.,5
Terrible! Stopped working after a week.,1
Outstanding quality and fast shipping. Highly recommend!,5
Standard product. No surprises.,3
Terrible purchase. Regret buying this.,1
Average quality. Nothing exceptional.,3
Perfect condition and fast delivery. Love it!,5
Acceptable product. Meets basic expectations.,3
Superb! Exceeded all expectations.,4
Fantastic! Works perfectly and arrived quickly.,5
It works fine. Nothing to complain about.,3
Outstanding quality and fast shipping. Highly recommend!,4
Waste of money. Don't buy this.,2
Poor quality. Would not recommend.,2
Terrible! Stopped working after a week.,1
Awful quality. Complete waste of money.,1
Horrible experience. Product arrived damaged.,2
This product is amazing! Exceeded all my expectations.,5
"Superior quality, couldn't be happier with this purchase.",4
It's fine. Does what it's supposed to do.,3
This is exactly what I needed. Five stars!,4
Terrible! Stopped working after a week.,1
Poor quality. Would not recommend.,1
"Excellent product, great value for money.",4
Fantastic! Works perfectly and arrived quickly.,4
Standard product. No surprises.,3
"It's alright. Not great, not terrible.",3
Terrible purchase. Regret buying this.,1
Fair quality. Gets the job done.,3
Fair quality. Gets the job done.,3
Standard product. No surprises.,3
Perfect condition and fast delivery. Love it!,4
Fair quality. Gets the job done.,3
Decent quality for the price.,3
Adequate for basic needs.,3
"Superior quality, couldn't be happier with this purchase.",5
This product is amazing! Exceeded all my expectations.,5
It works fine. Nothing to complain about.,3
Very disappointed. Not as described.,2
It's okay. Nothing special but does the job.,3
It works fine. Nothing to complain about.,3
Best product in its category. Highly recommended!,4
This product is amazing! Exceeded all my expectations.,4
Standard product. No surprises.,3
Not what I expected. Very disappointed.,1
Amazing quality and great customer service.,5
"It's alright. Not great, not terrible.",3
Does not work as advertised. Very upset.,1
Terrible! Stopped working after a week.,2
Average quality. Nothing exceptional.,3
This is exactly what I needed. Five stars!,4
Incredible quality for the price. Very satisfied.,5
Broke immediately. Don't waste your time.,2
"Works as expected. Nothing more, nothing less.",3
Incredible quality for the price. Very satisfied.,4
Neutral opinion. Could go either way.,3
Mediocre product. Expected more.,3
Terrible product. Broke after one use.,2
Fair quality. Gets the job done.,3
Wonderful product! My family loves it too.,5
Outstanding quality and fast shipping. Highly recommend!,4
Average product. Could be better.,3
Broke immediately. Don't waste your time.,2
Broke immediately. Don't waste your time.,2
I'm very impressed with the quality. Will buy again!,4
Superb! Exceeded all expectations.,4
Broke immediately. Don't waste your time.,1
Horrible experience. Product arrived damaged.,1
Average quality. Nothing exceptional.,3
Absolutely love it! Best purchase I've made this year.,5
Disappointed with the quality. Returning it.,1
Terrible! Stopped working after a week.,2
Bad product. Save your money.,2
Bad product. Save your money.,2
Decent quality for the price.,3
"Works as expected. Nothing more, nothing less.",3
Mediocre product. Expected more.,3
Acceptable product. Meets basic expectations.,3
Bad product. Save your money.,2
Amazing quality and great customer service.,5
Terrible! Stopped working after a week.,1
Not what I expected. Very disappointed.,2
Decent quality for the price.,3
I'm very impressed with the quality. Will buy again!,4
It's fine. Does what it's supposed to do.,3
Amazing quality and great customer service.,4
Fantastic! Works perfectly and arrived quickly.,5
Disappointed with the quality. Returning it.,2
Fair quality. Gets the job done.,3
I'm very impressed with the quality. Will buy again!,5
Not what I expected. Very disappointed.,1
Absolutely love it! Best purchase I've made this year.,4
Awful quality. Complete waste of money.,2
Amazing quality and great customer service.,5
Mediocre product. Expected more.,3
Disappointed with the quality. Returning it.,1
Adequate for basic needs.,3
Horrible experience. Product arrived damaged.,2
Does not work as advertised. Very upset.,2
Perfect! Exactly what I was looking for.,4
Disappointed with the quality. Returning it.,1
Standard product. No surprises.,3
Broke immediately. Don't waste your time.,1
Terrible! Stopped working after a week.,2
"Excellent product, great value for money.",4
Broke immediately. Don't waste your time.,1
Bad product. Save your money.,1
Amazing quality and great customer service.,4
Mediocre product. Expected more.,3
Perfect! Exactly what I was looking for.,4
Disappointed with the quality. Returning it.,1
"Superior quality, couldn't be happier with this purchase.",5
Average product. Could be better.,3
Amazing quality and great customer service.,5
It's okay. Nothing special but does the job.,3
This is exactly what I needed. Five stars!,4
I'm very impressed with the quality. Will buy again!,5
Disappointed with the quality. Returning it.,2
This is exactly what I needed. Five stars!,4
Decent quality for the price.,3
This product is amazing! Exceeded all my expectations.,5
Mediocre product. Expected more.,3
Does not work as advertised. Very upset.,2
Average product. Could be better.,3
It's okay for the price point.,3
Terrible purchase. Regret buying this.,1
Not worth it. Very cheap quality.,2
Fantastic! Works perfectly and arrived quickly.,4
I'm very impressed with the quality. Will buy again!,5
"Excellent product, great value for money.",4
Terrible product. Broke after one use.,2
Outstanding quality and fast shipping. Highly recommend!,4
It's fine. Does what it's supposed to do.,3
"Works as expected. Nothing more, nothing less.",3
Average product. Could be better.,3
Waste of money. Don't buy this.,1
Not what I expected. Very disappointed.,1
I'm very impressed with the quality. Will buy again!,5
Awful quality. Complete waste of money.,1
Standard product. No surprises.,3
"Superior quality, couldn't be happier with this purchase.",4
It's fine. Does what it's supposed to do.,3
Wonderful product! My family loves it too.,4
Acceptable product. Meets basic expectations.,3
"Excellent product, great value for money.",4
Amazing quality and great customer service.,4
Awful quality. Complete waste of money.,2
It works fine. Nothing to complain about.,3
Terrible! Stopped working after a week.,2
Decent quality for the price.,3
Perfect condition and fast delivery. Love it!,5
Horrible experience. Product arrived damaged.,1
Neutral opinion. Could go either way.,3
Average quality. Nothing exceptional.,3
Very disappointed. Not as described.,2
Wonderful product! My family loves it too.,5
Fair quality. Gets the job done.,3
Broke immediately. Don't waste your time.,1
Not what I expected. Very disappointed.,1
"Superior quality, couldn't be happier with this purchase.",4
Decent quality for the price.,3
Not what I expected. Very disappointed.,1
It's okay for the price point.,3
It works fine. Nothing to complain about.,3
Not worth it. Very cheap quality.,2
Absolutely love it! Best purchase I've made this year.,4
"It's alright. Not great, not terrible.",3
Terrible! Stopped working after a week.,1
Perfect! Exactly what I was looking for.,5
Very disappointed. Not as described.,2
I'm very impressed with the quality. Will buy again!,5
Perfect condition and fast delivery. Love it!,5
Incredible quality for the price. Very satisfied.,4
Adequate for basic needs.,3
Awful quality. Complete waste of money.,1
It's okay for the price point.,3
It's okay. Nothing special but does the job.,3
Not what I expected. Very disappointed.,2
Standard product. No surprises.,3
"Works as expected. Nothing more, nothing less.",3
I'm very impressed with the quality. Will buy again!,4
Bad product. Save your money.,2
Waste of money. Don't buy this.,2
Acceptable product. Meets basic expectations.,3
Standard product. No surprises.,3
"It's alright. Not great, not terrible.",3
Perfect! Exactly what I was looking for.,4
Superb! Exceeded all expectations.,5
Perfect! Exactly what I was looking for.,4
Poor design and cheap materials.,2
It's fine. Does what it's supposed to do.,3
Incredible quality for the price. Very satisfied.,4
Not what I expected. Very disappointed.,1
Fair quality. Gets the job done.,3
It's okay for the price point.,3
It works fine. Nothing to complain about.,3
Waste of money. Don't buy this.,2
"It's alright. Not great, not terrible.",3
"Works as expected. Nothing more, nothing less.",3
"Superior quality, couldn't be happier with this purchase.",5
Not what I expected. Very disappointed.,2
Does not work as advertised. Very upset.,2
"It's alright. Not great, not terrible.",3
"Works as expected. Nothing more, nothing less.",3
Waste of money. Don't buy this.,2
"It's alright. Not great, not terrible.",3
"Excellent product, great value for money.",4
Wonderful product! My family loves it too.,5
Amazing quality and great customer service.,5
This product is amazing! Exceeded all my expectations.,4
Awful quality. Complete waste of money.,1
Terrible! Stopped working after a week.,1
Adequate for basic needs.,3
Bad product. Save your money.,1
Does not work as advertised. Very upset.,2
Not what I expected. Very disappointed.,2
Acceptable product. Meets basic expectations.,3
Fantastic! Works perfectly and arrived quickly.,5
Broke immediately. Don't waste your time.,1
Waste of money. Don't buy this.,1
Amazing quality and great customer service.,4
Standard product. No surprises.,3
I'm very impressed with the quality. Will buy again!,4
It's fine. Does what it's supposed to do.,3
Does not work as advertised. Very upset.,1
Perfect! Exactly what I was looking for.,5
It's fine. Does what it's supposed to do.,3
Disappointed with the quality. Returning it.,1
Very disappointed. Not as described.,1
It works fine. Nothing to complain about.,3
Terrible! Stopped working after a week.,2
Incredible quality for the price. Very satisfied.,5
Very disappointed. Not as described.,1
Mediocre product. Expected more.,3
This is exactly what I needed. Five stars!,5
This is exactly what I needed. Five stars!,5
Not worth it. Very cheap quality.,1
Very disappointed. Not as described.,2
This product is amazing! Exceeded all my expectations.,4
Fair quality. Gets the job done.,3
Broke immediately. Don't waste your time.,1
Average product. Could be better.,3
Adequate for basic needs.,3
Does not work as advertised. Very upset.,1
Best product in its category. Highly recommended!,5
Fair quality. Gets the job done.,3
Bad product. Save your money.,1
"Works as expected. Nothing more, nothing less.",3
Does not work as advertised. Very upset.,2
This is exactly what I needed. Five stars!,4
Neutral opinion. Could go either way.,3
"It's alright. Not great, not terrible.",3
Incredible quality for the price. Very satisfied.,5
Incredible quality for the price. Very satisfied.,4
Perfect condition and fast delivery. Love it!,4
Very disappointed. Not as described.,2
It works fine. Nothing to complain about.,3
Mediocre product. Expected more.,3
Not what I expected. Very disappointed.,1
Horrible experience. Product arrived damaged.,1
Amazing quality and great customer service.,5
Amazing quality and great customer service.,4
Disappointed with the quality. Returning it.,2
Fantastic! Works perfectly and arrived quickly.,5
Absolutely love it! Best purchase I've made this year.,4
It's okay. Nothing special but does the job.,3
Poor design and cheap materials.,1
Adequate for basic needs.,3
"Superior quality, couldn't be happier with this purchase.",4
Awful quality. Complete waste of money.,1
It works fine. Nothing to complain about.,3
It's fine. Does what it's supposed to do.,3
Average product. Could be better.,3
"Works as expected. Nothing more, nothing less.",3
Disappointed with the quality. Returning it.,2
Neutral opinion. Could go either way.,3
Acceptable product. Meets basic expectations.,3
It works fine. Nothing to complain about.,3
"It's alright. Not great, not terrible.",3
Decent quality for the price.,3
Waste of money. Don't buy this.,2
Absolutely love it! Best purchase I've made this year.,5
"Works as expected. Nothing more, nothing less.",3
Horrible experience. Product arrived damaged.,2
Terrible purchase. Regret buying this.,1
"Excellent product, great value for money.",4
"Excellent product, great value for money.",4
It's fine. Does what it's supposed to do.,3
"Excellent product, great value for money.",4
It's okay. Nothing special but does the job.,3
Average quality. Nothing exceptional.,3
Standard product. No surprises.,3
This product is amazing! Exceeded all my expectations.,5
Perfect condition and fast delivery. Love it!,5
Average quality. Nothing exceptional.,3
Bad product. Save your money.,1
Poor design and cheap materials.,2
"Excellent product, great value for money.",4
Bad product. Save your money.,1
Fair quality. Gets the job done.,3
Standard product. No surprises.,3
Average quality. Nothing exceptional.,3
Amazing quality and great customer service.,5
Amazing quality and great customer service.,5
Mediocre product. Expected more.,3
Disappointed with the quality. Returning it.,1
Horrible experience. Product arrived damaged.,2
Terrible product. Broke after one use.,2
I'm very impressed with the quality. Will buy again!,4
Standard product. No surprises.,3
Amazing quality and great customer service.,4
It's okay. Nothing special but does the job.,3
Not what I expected. Very disappointed.,2
Terrible purchase. Regret buying this.,1
This product is amazing! Exceeded all my expectations.,4
Neutral opinion. Could go either way.,3
Average product. Could be better.,3
"Works as expected. Nothing more, nothing less.",3
Horrible experience. Product arrived damaged.,2
Perfect! Exactly what I was looking for.,4
Mediocre product. Expected more.,3
Fair quality. Gets the job done.,3
It's okay. Nothing special but does the job.,3
Disappointed with the quality. Returning it.,2
"Superior quality, couldn't be happier with this purchase.",4
Standard product. No surprises.,3
"Excellent product, great value for money.",4
Best product in its category. Highly recommended!,5
Horrible experience. Product arrived damaged.,2
Fantastic! Works perfectly and arrived quickly.,4
It works fine. Nothing to complain about.,3
This is exactly what I needed. Five stars!,4
Fair quality. Gets the job done.,3
Wonderful product! My family loves it too.,4
It's okay. Nothing special but does the job.,3
"Superior quality, couldn't be happier with this purchase.",4
It's okay for the price point.,3
Wonderful product! My family loves it too.,4
Decent quality for the price.,3
Does not work as advertised. Very upset.,2
Fair quality. Gets the job done.,3
Neutral opinion. Could go either way.,3
Average quality. Nothing exceptional.,3
Standard product. No surprises.,3
Outstanding quality and fast shipping. Highly recommend!,5
It's okay. Nothing special but does the job.,3
Perfect condition and fast delivery. Love it!,5
Incredible quality for the price. Very satisfied.,5
Terrible! Stopped working after a week.,1
Wonderful product! My family loves it too.,4
This product is amazing! Exceeded all my expectations.,5
Does not work as advertised. Very upset.,2
Awful quality. Complete waste of money.,2
Fair quality. Gets the job done.,3
Fair quality. Gets the job done.,3
Acceptable product. Meets basic expectations.,3
"Works as expected. Nothing more, nothing less.",3
"It's alright. Not great, not terrible.",3
Poor design and cheap materials.,1
"Works as expected. Nothing more, nothing less.",3
Terrible product. Broke after one use.,1
Disappointed with the quality. Returning it.,1
Horrible experience. Product arrived damaged.,1
Not worth it. Very cheap quality.,2
Average quality. Nothing exceptional.,3
Superb! Exceeded all expectations.,4
"Excellent product, great value for money.",5
Horrible experience. Product arrived damaged.,1
Average quality. Nothing exceptional.,3
Standard product. No surprises.,3
Does not work as advertised. Very upset.,1
"Superior quality, couldn't be happier with this purchase.",4
Fantastic! Works perfectly and arrived quickly.,4
Bad product. Save your money.,1
Bad product. Save your money.,1
Average product. Could be better.,3
Terrible purchase. Regret buying this.,1
Terrible product. Broke after one use.,1
Not what I expected. Very disappointed.,1
Decent quality for the price.,3
I'm very impressed with the quality. Will buy again!,4
Fantastic! Works perfectly and arrived quickly.,5
Acceptable product. Meets basic expectations.,3
This product is amazing! Exceeded all my expectations.,4
It's okay for the price point.,3
Best product in its category. Highly recommended!,4
Average quality. Nothing exceptional.,3
Perfect! Exactly what I was looking for.,4
Broke immediately. Don't waste your time.,2
Perfect condition and fast delivery. Love it!,5
Fantastic! Works perfectly and arrived quickly.,5
"It's alright. Not great, not terrible.",3
Not worth it. Very cheap quality.,2
Amazing quality and great customer service.,5
Adequate for basic needs.,3
It's okay for the price point.,3
Does not work as advertised. Very upset.,2
It's okay for the price point.,3
Awful quality. Complete waste of money.,2
Horrible experience. Product arrived damaged.,2
Not worth it. Very cheap quality.,2
Perfect condition and fast delivery. Love it!,5
It works fine. Nothing to complain about.,3
Mediocre product. Expected more.,3
Wonderful product! My family loves it too.,4
Terrible product. Broke after one use.,1
It's okay. Nothing special but does the job.,3
This product is amazing! Exceeded all my expectations.,5
Outstanding quality and fast shipping. Highly recommend!,4
Adequate for basic needs.,3
This product is amazing! Exceeded all my expectations.,4
Horrible experience. Product arrived damaged.,2
Average quality. Nothing exceptional.,3
Not worth it. Very cheap quality.,2
Waste of money. Don't buy this.,2
"Superior quality, couldn't be happier with this purchase.",5
Not worth it. Very cheap quality.,1
Outstanding quality and fast shipping. Highly recommend!,4
Wonderful product! My family loves it too.,4
This is exactly what I needed. Five stars!,4
Adequate for basic needs.,3
"Excellent product, great value for money.",4
"Excellent product, great value for money.",5
Awful quality. Complete waste of money.,1
Poor design and cheap materials.,2
Outstanding quality and fast shipping. Highly recommend!,4
Perfect condition and fast delivery. Love it!,5
It's okay. Nothing special but does the job.,3
"Works as expected. Nothing more, nothing less.",3
Terrible product. Broke after one use.,1
Average product. Could be better.,3
Mediocre product. Expected more.,3
Not what I expected. Very disappointed.,2
Broke immediately. Don't waste your time.,1
Terrible product. Broke after one use.,1
Absolutely love it! Best purchase I've made this year.,5
Outstanding quality and fast shipping. Highly recommend!,5
Average quality. Nothing exceptional.,3
Acceptable product. Meets basic expectations.,3
Does not work as advertised. Very upset.,2
This is exactly what I needed. Five stars!,4
It works fine. Nothing to complain about.,3
Terrible product. Broke after one use.,2
Bad product. Save your money.,1
"Excellent product, great value for money.",4
Horrible experience. Product arrived damaged.,2
Horrible experience. Product arrived damaged.,1
Very disappointed. Not as described.,2
Fair quality. Gets the job done.,3
Bad product. Save your money.,2
It works fine. Nothing to complain about.,3
Amazing quality and great customer service.,4
"Works as expected. Nothing more, nothing less.",3
Not worth it. Very cheap quality.,2
Fair quality. Gets the job done.,3
Perfect condition and fast delivery. Love it!,4
Amazing quality and great customer service.,4
Awful quality. Complete waste of money.,1
Broke immediately. Don't waste your time.,1
Adequate for basic needs.,3
"Works as expected. Nothing more, nothing less.",3
Terrible purchase. Regret buying this.,2
Absolutely love it! Best purchase I've made this year.,5
Not worth it. Very cheap quality.,2
Disappointed with the quality. Returning it.,2
Not what I expected. Very disappointed.,1
Superb! Exceeded all expectations.,5
Fantastic! Works perfectly and arrived quickly.,4
Disappointed with the quality. Returning it.,1
Outstanding quality and fast shipping. Highly recommend!,4
"Works as expected. Nothing more, nothing less.",3
Perfect condition and fast delivery. Love it!,5
Best product in its category. Highly recommended!,5
Broke immediately. Don't waste your time.,2
Does not work as advertised. Very upset.,1
This product is amazing! Exceeded all my expectations.,4
This product is amazing! Exceeded all my expectations.,5
Terrible purchase. Regret buying this.,2
Decent quality for the price.,3
It's fine. Does what it's supposed to do.,3
"It's alright. Not great, not terrible.",3
This is exactly what I needed. Five stars!,4
Mediocre product. Expected more.,3
Bad product. Save your money.,2
Average quality. Nothing exceptional.,3
Absolutely love it! Best purchase I've made this year.,4
Perfect! Exactly what I was looking for.,5
Outstanding quality and fast shipping. Highly recommend!,4
Broke immediately. Don't waste your time.,1
"It's alright. Not great, not terrible.",3
Mediocre product. Expected more.,3
It's okay. Nothing special but does the job.,3
Standard product. No surprises.,3
Wonderful product! My family loves it too.,5
Awful quality. Complete waste of money.,1
"It's alright. Not great, not terrible.",3
"Superior quality, couldn't be happier with this purchase.",4
Fantastic! Works perfectly and arrived quickly.,4
Incredible quality for the price. Very satisfied.,4
Perfect! Exactly what I was looking for.,4
Poor design and cheap materials.,1
Superb! Exceeded all expectations.,4
"It's alright. Not great, not terrible.",3
Outstanding quality and fast shipping. Highly recommend!,4
Not worth it. Very cheap quality.,2
Not what I expected. Very disappointed.,1
Absolutely love it! Best purchase I've made this year.,4
Fair quality. Gets the job done.,3
"Superior quality, couldn't be happier with this purchase.",4
Average quality. Nothing exceptional.,3
"Excellent product, great value for money.",4
Average product. Could be better.,3
Poor design and cheap materials.,1
"Excellent product, great value for money.",4
It's okay. Nothing special but does the job.,3
"Works as expected. Nothing more, nothing less.",3
Wonderful product! My family loves it too.,4
It works fine. Nothing to complain about.,3
Average product. Could be better.,3
Poor quality. Would not recommend.,1
"Excellent product, great value for money.",5
It's okay. Nothing special but does the job.,3
"Superior quality, couldn't be happier with this purchase.",5
Outstanding quality and fast shipping. Highly recommend!,4
Terrible! Stopped working after a week.,2
I'm very impressed with the quality. Will buy again!,5
Not worth it. Very cheap quality.,1
Wonderful product! My family loves it too.,4
Broke immediately. Don't waste your time.,2
Does not work as advertised. Very upset.,2
Terrible purchase. Regret buying this.,2
Incredible quality for the price. Very satisfied.,4
"It's alright. Not great, not terrible.",3
It's okay. Nothing special but does the job.,3
Terrible! Stopped working after a week.,1
It works fine. Nothing to complain about.,3
Superb! Exceeded all expectations.,4
Decent quality for the price.,3
Standard product. No surprises.,3
"It's alright. Not great, not terrible.",3
Poor quality. Would not recommend.,2
Fair quality. Gets the job done.,3
Waste of money. Don't buy this.,2
Average product. Could be better.,3
"It's alright. Not great, not terrible.",3
Perfect condition and fast delivery. Love it!,5
Awful quality. Complete waste of money.,2
Does not work as advertised. Very upset.,1
Decent quality for the price.,3
Standard product. No surprises.,3
Average quality. Nothing exceptional.,3
Waste of money. Don't buy this.,1
Very disappointed. Not as described.,2
Fantastic! Works perfectly and arrived quickly.,5
Very disappointed. Not as described.,2
Not what I expected. Very disappointed.,2
Average product. Could be better.,3
Superb! Exceeded all expectations.,4
I'm very impressed with the quality. Will buy again!,5
Fair quality. Gets the job done.,3
"Superior quality, couldn't be happier with this purchase.",5
Very disappointed. Not as described.,2
Neutral opinion. Could go either way.,3
Decent quality for the price.,3
Acceptable product. Meets basic expectations.,3
Bad product. Save your money.,1
Decent quality for the price.,3
Perfect condition and fast delivery. Love it!,5
Poor design and cheap materials.,2
I'm very impressed with the quality. Will buy again!,5
Awful quality. Complete waste of money.,1
Broke immediately. Don't waste your time.,2
Acceptable product. Meets basic expectations.,3
Perfect condition and fast delivery. Love it!,5
Fantastic! Works perfectly and arrived quickly.,5
Terrible product. Broke after one use.,2
Standard product. No surprises.,3
Does not work as advertised. Very upset.,2
Outstanding quality and fast shipping. Highly recommend!,5
Best product in its category. Highly recommended!,5
Wonderful product! My family loves it too.,5
Not what I expected. Very disappointed.,2
"Works as expected. Nothing more, nothing less.",3
Perfect! Exactly what I was looking for.,4
Poor design and cheap materials.,2
Terrible! Stopped working after a week.,1
Absolutely love it! Best purchase I've made this year.,5
Amazing quality and great customer service.,5
Very disappointed. Not as described.,2
Best product in its category. Highly recommended!,5
"Works as expected. Nothing more, nothing less.",3
Standard product. No surprises.,3
It's fine. Does what it's supposed to do.,3
Does not work as advertised. Very upset.,1
Wonderful product! My family loves it too.,4
Very disappointed. Not as described.,2
Neutral opinion. Could go either way.,3
Acceptable product. Meets basic expectations.,3
Does not work as advertised. Very upset.,1
Waste of money. Don't buy this.,2
Bad product. Save your money.,1
Poor design and cheap materials.,1
Decent quality for the price.,3
Disappointed with the quality. Returning it.,2
It's okay. Nothing special but does the job.,3
It works fine. Nothing to complain about.,3
Fair quality. Gets the job done.,3
It works fine. Nothing to complain about.,3
Absolutely love it! Best purchase I've made this year.,5
Wonderful product! My family loves it too.,5
"Excellent product, great value for money.",5
"Excellent product, great value for money.",5
Terrible purchase. Regret buying this.,2
Average product. Could be better.,3
It's okay for the price point.,3
Fantastic! Works perfectly and arrived quickly.,5
Perfect condition and fast delivery. Love it!,5
Mediocre product. Expected more.,3
Terrible product. Broke after one use.,1
Horrible experience. Product arrived damaged.,1
Terrible purchase. Regret buying this.,2
Decent quality for the price.,3
"Works as expected. Nothing more, nothing less.",3
Neutral opinion. Could go either way.,3
Not what I expected. Very disappointed.,2
Bad product. Save your money.,1
Absolutely love it! Best purchase I've made this year.,5
Adequate for basic needs.,3
Standard product. No surprises.,3
Fantastic! Works perfectly and arrived quickly.,4
Mediocre product. Expected more.,3
Mediocre product. Expected more.,3
Disappointed with the quality. Returning it.,1
Decent quality for the price.,3
Not worth it. Very cheap quality.,1
It's fine. Does what it's supposed to do.,3
Absolutely love it! Best purchase I've made this year.,4
Poor quality. Would not recommend.,2
Fantastic! Works perfectly and arrived quickly.,5
Best product in its category. Highly recommended!,4
Adequate for basic needs.,3
Neutral opinion. Could go either way.,3
Not what I expected. Very disappointed.,1
"Superior quality, couldn't be happier with this purchase.",5
Best product in its category. Highly recommended!,5
Terrible product. Broke after one use.,1
Wonderful product! My family loves it too.,5
It's okay for the price point.,3
"It's alright. Not great, not terrible.",3
"Works as expected. Nothing more, nothing less.",3
It works fine. Nothing to complain about.,3
Disappointed with the quality. Returning it.,1
Acceptable product. Meets basic expectations.,3
Very disappointed. Not as described.,2
Superb! Exceeded all expectations.,5
Fantastic! Works perfectly and arrived quickly.,4
This product is amazing! Exceeded all my expectations.,4
Perfect condition and fast delivery. Love it!,5
Awful quality. Complete waste of money.,1
Terrible purchase. Regret buying this.,2
"Works as expected. Nothing more, nothing less.",3
Very disappointed. Not as described.,2
"Excellent product, great value for money.",4
Awful quality. Complete waste of money.,2
Not worth it. Very cheap quality.,1
It's okay. Nothing special but does the job.,3
Average product. Could be better.,3
Horrible experience. Product arrived damaged.,1
Bad product. Save your money.,1
Average quality. Nothing exceptional.,3
I'm very impressed with the quality. Will buy again!,5
It's fine. Does what it's supposed to do.,3
Horrible experience. Product arrived damaged.,2
Very disappointed. Not as described.,1
Does not work as advertised. Very upset.,2
This is exactly what I needed. Five stars!,5
Absolutely love it! Best purchase I've made this year.,5
Does not work as advertised. Very upset.,2
"Superior quality, couldn't be happier with this purchase.",4
Perfect condition and fast delivery. Love it!,4
It works fine. Nothing to complain about.,3
Perfect! Exactly what I was looking for.,5
This product is amazing! Exceeded all my expectations.,5
Mediocre product. Expected more.,3
Acceptable product. Meets basic expectations.,3
Superb! Exceeded all expectations.,4
Does not work as advertised. Very upset.,1
Poor design and cheap materials.,1
Disappointed with the quality. Returning it.,1
Neutral opinion. Could go either way.,3
Mediocre product. Expected more.,3
Incredible quality for the price. Very satisfied.,4
Poor design and cheap materials.,2
Mediocre product. Expected more.,3
Poor design and cheap materials.,2
Horrible experience. Product arrived damaged.,2
Outstanding quality and fast shipping. Highly recommend!,4
I'm very impressed with the quality. Will buy again!,5
Terrible product. Broke after one use.,2
Incredible quality for the price. Very satisfied.,4
Broke immediately. Don't waste your time.,2
It's okay. Nothing special but does the job.,3
This is exactly what I needed. Five stars!,4
Bad product. Save your money.,1
Amazing quality and great customer service.,5
It's fine. Does what it's supposed to do.,3
Not worth it. Very cheap quality.,2
"Superior quality, couldn't be happier with this purchase.",5
Incredible quality for the price. Very satisfied.,5
Disappointed with the quality. Returning it.,1
Absolutely love it! Best purchase I've made this year.,4
Terrible purchase. Regret buying this.,1
"Works as expected. Nothing more, nothing less.",3
Waste of money. Don't buy this.,1
It's okay. Nothing special but does the job.,3
This is exactly what I needed. Five stars!,4
It's fine. Does what it's supposed to do.,3
Does not work as advertised. Very upset.,2
"Excellent product, great value for money.",5
Average product. Could be better.,3
Absolutely love it! Best purchase I've made this year.,5
Awful quality. Complete waste of money.,2
"Works as expected. Nothing more, nothing less.",3
Terrible product. Broke after one use.,1
Average product. Could be better.,3
Not what I expected. Very disappointed.,2
This product is amazing! Exceeded all my expectations.,4
I'm very impressed with the quality. Will buy again!,5
Awful quality. Complete waste of money.,1
Terrible product. Broke after one use.,2
Awful quality. Complete waste of money.,2
Adequate for basic needs.,3
Poor design and cheap materials.,1
Does not work as advertised. Very upset.,1
I'm very impressed with the quality. Will buy again!,4
Outstanding quality and fast shipping. Highly recommend!,5
"Superior quality, couldn't be happier with this purchase.",4
Terrible product. Broke after one use.,2
I'm very impressed with the quality. Will buy again!,5
